Model,Accuracy,Macro F1
Baseline BERT,0.89275956284153,0.857739961188237
Baseline GPT-2,0.6987704918032787,0.5027241822256254
Improved SFT (GPT-2),0.8176229508196722,0.7835126166028354
DPO Model (Active Learning),0.842896174863388,0.7971802770330569
